Name,Mobile Number,Year,Roll Number,Team,Position
Charles Sharma,155510000,1st Year,20261001,Alpha Team,Leader
Michael Brown,155510001,1st Year,20261002,Beta Team,Member
Daniel Jones,155510002,1st Year,20261003,Gamma Team,Analyst
William Moore,155510003,1st Year,20261004,Delta Team,Developer
Vihaan Thomas,155510004,1st Year,20261005,Alpha Team,Designer
Brian Johnson,155510005,1st Year,20261006,Beta Team,Coordinator
Michael White,155510006,1st Year,20261007,Gamma Team,Secretary
Charles Kapoor,155510007,1st Year,20261008,Delta Team,Treasurer
Zara Ramirez,155510008,1st Year,20261009,Alpha Team,Vice-Leader
Anthony Robinson,155510009,1st Year,20261010,Beta Team,Member
Michelle Lee,155510010,1st Year,20261011,Gamma Team,Leader
Mark Kapoor,155510011,1st Year,20261012,Delta Team,Member
Linda Sanchez,155510012,1st Year,20261013,Alpha Team,Analyst
Steven Moore,155510013,1st Year,20261014,Beta Team,Developer
Mark Garcia,155510014,1st Year,20261015,Gamma Team,Designer
Ronald Johnson,155510015,1st Year,20261016,Delta Team,Coordinator
Sarah Martin,155510016,1st Year,20261017,Alpha Team,Secretary
Ronald Kapoor,155510017,1st Year,20261018,Beta Team,Treasurer
Joshua Robinson,155510018,1st Year,20261019,Gamma Team,Vice-Leader
Elizabeth Sen,155510019,1st Year,20261020,Delta Team,Member
David Lewis,155510020,1st Year,20261021,Alpha Team,Leader
Zara Sharma,155510021,1st Year,20261022,Beta Team,Member
Sandra Sen,155510022,1st Year,20261023,Gamma Team,Analyst
Emily Clark,155510023,1st Year,20261024,Delta Team,Developer
Sandra Thompson,155510024,1st Year,20261025,Alpha Team,Designer
Zara Thomas,155510025,1st Year,20261026,Beta Team,Coordinator
Richard Miller,155510026,1st Year,20261027,Gamma Team,Secretary
William Joshi,155510027,1st Year,20261028,Delta Team,Treasurer
Donald Johnson,155510028,1st Year,20261029,Alpha Team,Vice-Leader
Kevin Nair,155510029,1st Year,20261030,Beta Team,Member
James Taylor,155510030,1st Year,20261031,Gamma Team,Leader
Ronald Brown,155510031,1st Year,20261032,Delta Team,Member
Paul Gonzalez,155510032,1st Year,20261033,Alpha Team,Analyst
Zara Lopez,155510033,1st Year,20261034,Beta Team,Developer
Joseph Williams,155510034,1st Year,20261035,Gamma Team,Designer
Deborah Harris,155510035,1st Year,20261036,Delta Team,Coordinator
Timothy Patel,155510036,1st Year,20261037,Alpha Team,Secretary
Barbara Kapoor,155510037,1st Year,20261038,Beta Team,Treasurer
Zara Jackson,155510038,1st Year,20261039,Gamma Team,Vice-Leader
Ananya Jackson,155510039,1st Year,20261040,Delta Team,Member
Anthony Kapoor,155510040,1st Year,20261041,Alpha Team,Leader
David Sen,155510041,1st Year,20261042,Beta Team,Member
Joseph Lopez,155510042,1st Year,20261043,Gamma Team,Analyst
Robert Wilson,155510043,1st Year,20261044,Delta Team,Developer
Emily Miller,155510044,1st Year,20261045,Alpha Team,Designer
Susan Anderson,155510045,1st Year,20261046,Beta Team,Coordinator
Elizabeth Thomas,155510046,1st Year,20261047,Gamma Team,Secretary
Melissa Martinez,155510047,1st Year,20261048,Delta Team,Treasurer
Daniel Clark,155510048,1st Year,20261049,Alpha Team,Vice-Leader
Elizabeth Ramirez,155510049,1st Year,20261050,Beta Team,Member
James Nair,155510050,1st Year,20261051,Gamma Team,Leader
Ronald Hernandez,155510051,1st Year,20261052,Delta Team,Member
Nancy Rodriguez,155510052,1st Year,20261053,Alpha Team,Analyst
Susan Patel,155510053,1st Year,20261054,Beta Team,Developer
Jessica Jones,155510054,1st Year,20261055,Gamma Team,Designer
Nancy Lopez,155510055,1st Year,20261056,Delta Team,Coordinator
Steven Wilson,155510056,1st Year,20261057,Alpha Team,Secretary
Meera Rao,155510057,1st Year,20261058,Beta Team,Treasurer
Ronald Lopez,155510058,1st Year,20261059,Gamma Team,Vice-Leader
Anthony Martinez,155510059,1st Year,20261060,Delta Team,Member
William Nair,155510060,1st Year,20261061,Alpha Team,Leader
Ananya White,155510061,1st Year,20261062,Beta Team,Member
Thomas Anderson,155510062,1st Year,20261063,Gamma Team,Analyst
Sarah Hernandez,155510063,1st Year,20261064,Delta Team,Developer
Daniel Martinez,155510064,1st Year,20261065,Alpha Team,Designer
Lisa Lee,155510065,1st Year,20261066,Beta Team,Coordinator
Sandra Lopez,155510066,1st Year,20261067,Gamma Team,Secretary
Melissa Lee,155510067,1st Year,20261068,Delta Team,Treasurer
Elizabeth Johnson,155510068,1st Year,20261069,Alpha Team,Vice-Leader
Nancy Davis,155510069,1st Year,20261070,Beta Team,Member
Christopher Jones,155510070,1st Year,20261071,Gamma Team,Leader
Steven Harris,155510071,1st Year,20261072,Delta Team,Member
Dorothy Jones,155510072,1st Year,20261073,Alpha Team,Analyst
Steven Patel,155510073,1st Year,20261074,Beta Team,Developer
Jennifer Ramirez,155510074,1st Year,20261075,Gamma Team,Designer
Donald Davis,155510075,1st Year,20261076,Delta Team,Coordinator
Patricia Sanchez,155510076,1st Year,20261077,Alpha Team,Secretary
Thomas Lee,155510077,1st Year,20261078,Beta Team,Treasurer
Donald Jackson,155510078,1st Year,20261079,Gamma Team,Vice-Leader
Melissa Lewis,155510079,1st Year,20261080,Delta Team,Member
Kevin Gonzalez,155510080,1st Year,20261081,Alpha Team,Leader
Charles Sen,155510081,1st Year,20261082,Beta Team,Member
Meera Sanchez,155510082,1st Year,20261083,Gamma Team,Analyst
Patricia Thompson,155510083,1st Year,20261084,Delta Team,Developer
Vihaan Robinson,155510084,1st Year,20261085,Alpha Team,Designer
Linda Rodriguez,155510085,1st Year,20261086,Beta Team,Coordinator
William Williams,155510086,1st Year,20261087,Gamma Team,Secretary
Elizabeth White,155510087,1st Year,20261088,Delta Team,Treasurer
Ananya Perez,155510088,1st Year,20261089,Alpha Team,Vice-Leader
Mark Clark,155510089,1st Year,20261090,Beta Team,Member
Sandra Lewis,155510090,1st Year,20261091,Gamma Team,Leader
Elizabeth Jones,155510091,1st Year,20261092,Delta Team,Member
Thomas Harris,155510092,1st Year,20261093,Alpha Team,Analyst
Isha Nair,155510093,1st Year,20261094,Beta Team,Developer
Joseph Johnson,155510094,1st Year,20261095,Gamma Team,Designer
Emily Smith,155510095,1st Year,20261096,Delta Team,Coordinator
Nancy Garcia,155510096,1st Year,20261097,Alpha Team,Secretary
Melissa Patel,155510097,1st Year,20261098,Beta Team,Treasurer
Ronald Martinez,155510098,1st Year,20261099,Gamma Team,Vice-Leader
Sai Thomas,155510099,1st Year,20261100,Delta Team,Member
Kimberly Taylor,155510100,1st Year,20261101,Alpha Team,Leader
Andrew Thompson,155510101,1st Year,20261102,Beta Team,Member
Amanda Rodriguez,155510102,1st Year,20261103,Gamma Team,Analyst
Jessica Clark,155510103,1st Year,20261104,Delta Team,Developer
Nancy Williams,155510104,1st Year,20261105,Alpha Team,Designer
Mark Miller,155510105,1st Year,20261106,Beta Team,Coordinator
Zara Iyer,155510106,1st Year,20261107,Gamma Team,Secretary
Sai Garcia,155510107,1st Year,20261108,Delta Team,Treasurer
Karen Johnson,155510108,1st Year,20261109,Alpha Team,Vice-Leader
Christopher Miller,155510109,1st Year,20261110,Beta Team,Member
Ronald Jones,155510110,1st Year,20261111,Gamma Team,Leader
Sandra Johnson,155510111,1st Year,20261112,Delta Team,Member
Margaret Patel,155510112,1st Year,20261113,Alpha Team,Analyst
Amanda Miller,155510113,1st Year,20261114,Beta Team,Developer
Kabir Sanchez,155510114,1st Year,20261115,Gamma Team,Designer
Kabir Sharma,155510115,1st Year,20261116,Delta Team,Coordinator
Melissa Martin,155510116,1st Year,20261117,Alpha Team,Secretary
Sai Rodriguez,155510117,1st Year,20261118,Beta Team,Treasurer
James Reddy,155510118,1st Year,20261119,Gamma Team,Vice-Leader
Richard Wilson,155510119,1st Year,20261120,Delta Team,Member
Carol Sen,155510120,1st Year,20261121,Alpha Team,Leader
Deborah Clark,155510121,1st Year,20261122,Beta Team,Member
Ananya Brown,155510122,1st Year,20261123,Gamma Team,Analyst
Andrew Davis,155510123,1st Year,20261124,Delta Team,Developer
Kevin Clark,155510124,1st Year,20261125,Alpha Team,Designer
Riya Lewis,155510125,1st Year,20261126,Beta Team,Coordinator
Kabir Thomas,155510126,1st Year,20261127,Gamma Team,Secretary
Timothy Brown,155510127,1st Year,20261128,Delta Team,Treasurer
Michelle Mehta,155510128,1st Year,20261129,Alpha Team,Vice-Leader
Robert Harris,155510129,1st Year,20261130,Beta Team,Member
Sai Taylor,155510130,1st Year,20261131,Gamma Team,Leader
Steven Reddy,155510131,1st Year,20261132,Delta Team,Member
Matthew Miller,155510132,1st Year,20261133,Alpha Team,Analyst
Kenneth Reddy,155510133,1st Year,20261134,Beta Team,Developer
Linda Miller,155510134,1st Year,20261135,Gamma Team,Designer
Matthew Joshi,155510135,1st Year,20261136,Delta Team,Coordinator
Melissa Kapoor,155510136,1st Year,20261137,Alpha Team,Secretary
Thomas Garcia,155510137,1st Year,20261138,Beta Team,Treasurer
Carol Moore,155510138,1st Year,20261139,Gamma Team,Vice-Leader
Dorothy Harris,155510139,1st Year,20261140,Delta Team,Member
Vihaan Martinez,155510140,1st Year,20261141,Alpha Team,Leader
Patricia Brown,155510141,1st Year,20261142,Beta Team,Member
Susan Sanchez,155510142,1st Year,20261143,Gamma Team,Analyst
Robert Sharma,155510143,1st Year,20261144,Delta Team,Developer
Linda Jones,155510144,1st Year,20261145,Alpha Team,Designer
Christopher Clark,155510145,1st Year,20261146,Beta Team,Coordinator
Steven Sanchez,155510146,1st Year,20261147,Gamma Team,Secretary
Ronald Miller,155510147,1st Year,20261148,Delta Team,Treasurer
Michelle Rao,155510148,1st Year,20261149,Alpha Team,Vice-Leader
Ronald Thomas,155510149,1st Year,20261150,Beta Team,Member
Linda Patel,155510150,1st Year,20261151,Gamma Team,Leader
Aarav Hernandez,155510151,1st Year,20261152,Delta Team,Member
Mary Lopez,155510152,1st Year,20261153,Alpha Team,Analyst
Ananya Thompson,155510153,1st Year,20261154,Beta Team,Developer
Melissa Sharma,155510154,1st Year,20261155,Gamma Team,Designer
Riya Johnson,155510155,1st Year,20261156,Delta Team,Coordinator
Ananya Moore,155510156,1st Year,20261157,Alpha Team,Secretary
Paul Nair,155510157,1st Year,20261158,Beta Team,Treasurer
Robert Martinez,155510158,1st Year,20261159,Gamma Team,Vice-Leader
Richard Thompson,155510159,1st Year,20261160,Delta Team,Member
Michelle Patel,155510160,1st Year,20261161,Alpha Team,Leader
James Harris,155510161,1st Year,20261162,Beta Team,Member
Ananya Davis,155510162,1st Year,20261163,Gamma Team,Analyst
Emily Rodriguez,155510163,1st Year,20261164,Delta Team,Developer
Carol Hernandez,155510164,1st Year,20261165,Alpha Team,Designer
Margaret Taylor,155510165,1st Year,20261166,Beta Team,Coordinator
James Jones,155510166,1st Year,20261167,Gamma Team,Secretary
Aarav Mehta,155510167,1st Year,20261168,Delta Team,Treasurer
David Lopez,155510168,1st Year,20261169,Alpha Team,Vice-Leader
Jennifer Jackson,155510169,1st Year,20261170,Beta Team,Member
Betty Nair,155510170,1st Year,20261171,Gamma Team,Leader
Timothy Sen,155510171,1st Year,20261172,Delta Team,Member
Kabir Sen,155510172,1st Year,20261173,Alpha Team,Analyst
Ronald Mehta,155510173,1st Year,20261174,Beta Team,Developer
Carol Smith,155510174,1st Year,20261175,Gamma Team,Designer
Karen Patel,155510175,1st Year,20261176,Delta Team,Coordinator
Margaret Ramirez,155510176,1st Year,20261177,Alpha Team,Secretary
Isha Thomas,155510177,1st Year,20261178,Beta Team,Treasurer
Karen Garcia,155510178,1st Year,20261179,Gamma Team,Vice-Leader
Christopher Lewis,155510179,1st Year,20261180,Delta Team,Member
Brian Rodriguez,155510180,1st Year,20261181,Alpha Team,Leader
Nancy Perez,155510181,1st Year,20261182,Beta Team,Member
Margaret White,155510182,1st Year,20261183,Gamma Team,Analyst
John Lee,155510183,1st Year,20261184,Delta Team,Developer
Richard Clark,155510184,1st Year,20261185,Alpha Team,Designer
Ronald White,155510185,1st Year,20261186,Beta Team,Coordinator
Mary Kapoor,155510186,1st Year,20261187,Gamma Team,Secretary
Zara Lee,155510187,1st Year,20261188,Delta Team,Treasurer
Margaret Martin,155510188,1st Year,20261189,Alpha Team,Vice-Leader
Donald Nair,155510189,1st Year,20261190,Beta Team,Member
Aarav Miller,155510190,1st Year,20261191,Gamma Team,Leader
Anthony Hernandez,155510191,1st Year,20261192,Delta Team,Member
Meera Davis,155510192,1st Year,20261193,Alpha Team,Analyst
Jennifer Mehta,155510193,1st Year,20261194,Beta Team,Developer
Jennifer Sanchez,155510194,1st Year,20261195,Gamma Team,Designer
Elizabeth Harris,155510195,1st Year,20261196,Delta Team,Coordinator
Paul Harris,155510196,1st Year,20261197,Alpha Team,Secretary
Zara Sen,155510197,1st Year,20261198,Beta Team,Treasurer
Ashley Williams,155510198,1st Year,20261199,Gamma Team,Vice-Leader
Susan Nair,155510199,1st Year,20261200,Delta Team,Member
Susan Moore,155510200,1st Year,20261201,Alpha Team,Leader
Sarah Robinson,155510201,1st Year,20261202,Beta Team,Member
Ashley Ramirez,155510202,1st Year,20261203,Gamma Team,Analyst
Richard White,155510203,1st Year,20261204,Delta Team,Developer
Kabir Clark,155510204,1st Year,20261205,Alpha Team,Designer
Karen Smith,155510205,1st Year,20261206,Beta Team,Coordinator
Aarav Williams,155510206,1st Year,20261207,Gamma Team,Secretary
Timothy Miller,155510207,1st Year,20261208,Delta Team,Treasurer
Susan Martin,155510208,1st Year,20261209,Alpha Team,Vice-Leader
Sai Martin,155510209,1st Year,20261210,Beta Team,Member
Mark Lopez,155510210,1st Year,20261211,Gamma Team,Leader
John Clark,155510211,1st Year,20261212,Delta Team,Member
Sandra Mehta,155510212,1st Year,20261213,Alpha Team,Analyst
Ashley Iyer,155510213,1st Year,20261214,Beta Team,Developer
Dorothy Rao,155510214,1st Year,20261215,Gamma Team,Designer
Riya Anderson,155510215,1st Year,20261216,Delta Team,Coordinator
Mary Reddy,155510216,1st Year,20261217,Alpha Team,Secretary
Thomas Davis,155510217,1st Year,20261218,Beta Team,Treasurer
Thomas Robinson,155510218,1st Year,20261219,Gamma Team,Vice-Leader
Jessica Rodriguez,155510219,1st Year,20261220,Delta Team,Member
Steven Davis,155510220,1st Year,20261221,Alpha Team,Leader
Mark Taylor,155510221,1st Year,20261222,Beta Team,Member
Zara Williams,155510222,1st Year,20261223,Gamma Team,Analyst
Matthew Williams,155510223,1st Year,20261224,Delta Team,Developer
Matthew Garcia,155510224,1st Year,20261225,Alpha Team,Designer
Charles Ramirez,155510225,1st Year,20261226,Beta Team,Coordinator
Brian Patel,155510226,1st Year,20261227,Gamma Team,Secretary
Kabir Rao,155510227,1st Year,20261228,Delta Team,Treasurer
Daniel Rodriguez,155510228,1st Year,20261229,Alpha Team,Vice-Leader
Timothy Robinson,155510229,1st Year,20261230,Beta Team,Member
James Clark,155510230,1st Year,20261231,Gamma Team,Leader
David Martin,155510231,1st Year,20261232,Delta Team,Member
Isha Miller,155510232,1st Year,20261233,Alpha Team,Analyst
Kimberly Garcia,155510233,1st Year,20261234,Beta Team,Developer
Donald Iyer,155510234,1st Year,20261235,Gamma Team,Designer
Margaret Clark,155510235,1st Year,20261236,Delta Team,Coordinator
Dev Davis,155510236,1st Year,20261237,Alpha Team,Secretary
Sarah Kapoor,155510237,1st Year,20261238,Beta Team,Treasurer
Emily Williams,155510238,1st Year,20261239,Gamma Team,Vice-Leader
Mark Jones,155510239,1st Year,20261240,Delta Team,Member
Brian White,155510240,1st Year,20261241,Alpha Team,Leader
Steven Lewis,155510241,1st Year,20261242,Beta Team,Member
Kevin Johnson,155510242,1st Year,20261243,Gamma Team,Analyst
Kenneth Ramirez,155510243,1st Year,20261244,Delta Team,Developer
Christopher Hernandez,155510244,1st Year,20261245,Alpha Team,Designer
Emily Anderson,155510245,1st Year,20261246,Beta Team,Coordinator
Kevin Martin,155510246,1st Year,20261247,Gamma Team,Secretary
Jennifer Sharma,155510247,1st Year,20261248,Delta Team,Treasurer
Margaret Lewis,155510248,1st Year,20261249,Alpha Team,Vice-Leader
Elizabeth Lewis,155510249,1st Year,20261250,Beta Team,Member
Mark Martin,155510250,1st Year,20261251,Gamma Team,Leader
Dev Joshi,155510251,1st Year,20261252,Delta Team,Member
Matthew Lee,155510252,1st Year,20261253,Alpha Team,Analyst
Riya Williams,155510253,1st Year,20261254,Beta Team,Developer
Donald Thomas,155510254,1st Year,20261255,Gamma Team,Designer
Matthew Martinez,155510255,1st Year,20261256,Delta Team,Coordinator
Anthony Nair,155510256,1st Year,20261257,Alpha Team,Secretary
Daniel Lewis,155510257,1st Year,20261258,Beta Team,Treasurer
Andrew Williams,155510258,1st Year,20261259,Gamma Team,Vice-Leader
Linda Johnson,155510259,1st Year,20261260,Delta Team,Member
Michelle Iyer,155510260,1st Year,20261261,Alpha Team,Leader
Meera Mehta,155510261,1st Year,20261262,Beta Team,Member
Mark Thompson,155510262,1st Year,20261263,Gamma Team,Analyst
Vihaan Patel,155510263,1st Year,20261264,Delta Team,Developer
Barbara Martinez,155510264,1st Year,20261265,Alpha Team,Designer
Deborah Patel,155510265,1st Year,20261266,Beta Team,Coordinator
Charles Anderson,155510266,1st Year,20261267,Gamma Team,Secretary
Kimberly Mehta,155510267,1st Year,20261268,Delta Team,Treasurer
Michelle Garcia,155510268,1st Year,20261269,Alpha Team,Vice-Leader
Deborah White,155510269,1st Year,20261270,Beta Team,Member
Ashley Mehta,155510270,1st Year,20261271,Gamma Team,Leader
Jennifer Anderson,155510271,1st Year,20261272,Delta Team,Member
Christopher Wilson,155510272,1st Year,20261273,Alpha Team,Analyst
Timothy Wilson,155510273,1st Year,20261274,Beta Team,Developer
Sai Brown,155510274,1st Year,20261275,Gamma Team,Designer
Christopher Sen,155510275,1st Year,20261276,Delta Team,Coordinator
Amanda Davis,155510276,1st Year,20261277,Alpha Team,Secretary
Nancy White,155510277,1st Year,20261278,Beta Team,Treasurer
Andrew Taylor,155510278,1st Year,20261279,Gamma Team,Vice-Leader
Daniel Reddy,155510279,1st Year,20261280,Delta Team,Member
Ronald Wilson,155510280,1st Year,20261281,Alpha Team,Leader
Sai Nair,155510281,1st Year,20261282,Beta Team,Member
Richard Anderson,155510282,1st Year,20261283,Gamma Team,Analyst
Ronald Rao,155510283,1st Year,20261284,Delta Team,Developer
Timothy Martin,155510284,1st Year,20261285,Alpha Team,Designer
Lisa Clark,155510285,1st Year,20261286,Beta Team,Coordinator
Michael Iyer,155510286,1st Year,20261287,Gamma Team,Secretary
Susan Lewis,155510287,1st Year,20261288,Delta Team,Treasurer
Ronald Nair,155510288,1st Year,20261289,Alpha Team,Vice-Leader
Aarav Moore,155510289,1st Year,20261290,Beta Team,Member
Patricia Gonzalez,155510290,1st Year,20261291,Gamma Team,Leader
Zara White,155510291,1st Year,20261292,Delta Team,Member
Charles Garcia,155510292,1st Year,20261293,Alpha Team,Analyst
Betty Gonzalez,155510293,1st Year,20261294,Beta Team,Developer
Sai Clark,155510294,1st Year,20261295,Gamma Team,Designer
William Thompson,155510295,1st Year,20261296,Delta Team,Coordinator
Kenneth Sen,155510296,1st Year,20261297,Alpha Team,Secretary
Anthony Garcia,155510297,1st Year,20261298,Beta Team,Treasurer
Ronald Reddy,155510298,1st Year,20261299,Gamma Team,Vice-Leader
Steven Rodriguez,155510299,1st Year,20261300,Delta Team,Member
Elizabeth Lee,155510300,1st Year,20261301,Alpha Team,Leader
Mary Mehta,155510301,1st Year,20261302,Beta Team,Member
Mark Rodriguez,155510302,1st Year,20261303,Gamma Team,Analyst
Melissa Jones,155510303,1st Year,20261304,Delta Team,Developer
Isha Rao,155510304,1st Year,20261305,Alpha Team,Designer
Barbara Brown,155510305,1st Year,20261306,Beta Team,Coordinator
Dorothy Martin,155510306,1st Year,20261307,Gamma Team,Secretary
Andrew Mehta,155510307,1st Year,20261308,Delta Team,Treasurer
Nancy Joshi,155510308,1st Year,20261309,Alpha Team,Vice-Leader
Vihaan Rodriguez,155510309,1st Year,20261310,Beta Team,Member
Meera Martin,155510310,1st Year,20261311,Gamma Team,Leader
Vihaan Gonzalez,155510311,1st Year,20261312,Delta Team,Member
Paul Iyer,155510312,1st Year,20261313,Alpha Team,Analyst
Donald Taylor,155510313,1st Year,20261314,Beta Team,Developer
Sandra Rodriguez,155510314,1st Year,20261315,Gamma Team,Designer
Matthew Clark,155510315,1st Year,20261316,Delta Team,Coordinator
John Jackson,155510316,1st Year,20261317,Alpha Team,Secretary
Brian Moore,155510317,1st Year,20261318,Beta Team,Treasurer
Dorothy Lewis,155510318,1st Year,20261319,Gamma Team,Vice-Leader
Kevin Thompson,155510319,1st Year,20261320,Delta Team,Member
Michael Gonzalez,155510320,1st Year,20261321,Alpha Team,Leader
Barbara Garcia,155510321,1st Year,20261322,Beta Team,Member
Deborah Williams,155510322,1st Year,20261323,Gamma Team,Analyst
Ananya Johnson,155510323,1st Year,20261324,Delta Team,Developer
John Ramirez,155510324,1st Year,20261325,Alpha Team,Designer
Betty Lee,155510325,1st Year,20261326,Beta Team,Coordinator
Karen Sharma,155510326,1st Year,20261327,Gamma Team,Secretary
Donna Sharma,155510327,1st Year,20261328,Delta Team,Treasurer
Joshua Joshi,155510328,1st Year,20261329,Alpha Team,Vice-Leader
Karen White,155510329,1st Year,20261330,Beta Team,Member
Riya Robinson,155510330,1st Year,20261331,Gamma Team,Leader
Steven Sharma,155510331,1st Year,20261332,Delta Team,Member
Mark Sen,155510332,1st Year,20261333,Alpha Team,Analyst
Betty White,155510333,1st Year,20261334,Beta Team,Developer
Steven Garcia,155510334,1st Year,20261335,Gamma Team,Designer
Zara Reddy,155510335,1st Year,20261336,Delta Team,Coordinator
Kimberly White,155510336,1st Year,20261337,Alpha Team,Secretary
Steven Robinson,155510337,1st Year,20261338,Beta Team,Treasurer
Susan Jones,155510338,1st Year,20261339,Gamma Team,Vice-Leader
Joseph Lee,155510339,1st Year,20261340,Delta Team,Member
Sandra Williams,155510340,1st Year,20261341,Alpha Team,Leader
Joshua Jackson,155510341,1st Year,20261342,Beta Team,Member
Brian Ramirez,155510342,1st Year,20261343,Gamma Team,Analyst
Mary Moore,155510343,1st Year,20261344,Delta Team,Developer
Matthew Harris,155510344,1st Year,20261345,Alpha Team,Designer
Aarav Rodriguez,155510345,1st Year,20261346,Beta Team,Coordinator
Emily Brown,155510346,1st Year,20261347,Gamma Team,Secretary
Michelle Martinez,155510347,1st Year,20261348,Delta Team,Treasurer
Meera Miller,155510348,1st Year,20261349,Alpha Team,Vice-Leader
Christopher Taylor,155510349,1st Year,20261350,Beta Team,Member
Donna Martin,155510350,2nd Year,20261351,Gamma Team,Leader
Jennifer Williams,155510351,2nd Year,20261352,Delta Team,Member
Ashley Johnson,155510352,2nd Year,20261353,Alpha Team,Analyst
Dev Sen,155510353,2nd Year,20261354,Beta Team,Developer
Mark Davis,155510354,2nd Year,20261355,Gamma Team,Designer
Susan Clark,155510355,2nd Year,20261356,Delta Team,Coordinator
Lisa Harris,155510356,2nd Year,20261357,Alpha Team,Secretary
Karen Kapoor,155510357,2nd Year,20261358,Beta Team,Treasurer
Kenneth Miller,155510358,2nd Year,20261359,Gamma Team,Vice-Leader
Daniel Thomas,155510359,2nd Year,20261360,Delta Team,Member
Sarah Gonzalez,155510360,2nd Year,20261361,Alpha Team,Leader
Aarav Ramirez,155510361,2nd Year,20261362,Beta Team,Member
Joseph Perez,155510362,2nd Year,20261363,Gamma Team,Analyst
Sandra Reddy,155510363,2nd Year,20261364,Delta Team,Developer
Nancy Iyer,155510364,2nd Year,20261365,Alpha Team,Designer
Isha Joshi,155510365,2nd Year,20261366,Beta Team,Coordinator
David Lee,155510366,2nd Year,20261367,Gamma Team,Secretary
Emily Perez,155510367,2nd Year,20261368,Delta Team,Treasurer
Joseph Clark,155510368,2nd Year,20261369,Alpha Team,Vice-Leader
Nancy Harris,155510369,2nd Year,20261370,Beta Team,Member
Donald Thompson,155510370,2nd Year,20261371,Gamma Team,Leader
Matthew Moore,155510371,2nd Year,20261372,Delta Team,Member
Ashley Lee,155510372,2nd Year,20261373,Alpha Team,Analyst
Joshua Sen,155510373,2nd Year,20261374,Beta Team,Developer
Elizabeth Miller,155510374,2nd Year,20261375,Gamma Team,Designer
Donna Perez,155510375,2nd Year,20261376,Delta Team,Coordinator
Charles Sanchez,155510376,2nd Year,20261377,Alpha Team,Secretary
Linda Gonzalez,155510377,2nd Year,20261378,Beta Team,Treasurer
Michael Anderson,155510378,2nd Year,20261379,Gamma Team,Vice-Leader
Steven White,155510379,2nd Year,20261380,Delta Team,Member
Vihaan Lewis,155510380,2nd Year,20261381,Alpha Team,Leader
Steven Mehta,155510381,2nd Year,20261382,Beta Team,Member
Isha Jones,155510382,2nd Year,20261383,Gamma Team,Analyst
Emily Ramirez,155510383,2nd Year,20261384,Delta Team,Developer
Steven Martin,155510384,2nd Year,20261385,Alpha Team,Designer
Nancy Anderson,155510385,2nd Year,20261386,Beta Team,Coordinator
David Robinson,155510386,2nd Year,20261387,Gamma Team,Secretary
Joseph Garcia,155510387,2nd Year,20261388,Delta Team,Treasurer
Charles Thompson,155510388,2nd Year,20261389,Alpha Team,Vice-Leader
William Mehta,155510389,2nd Year,20261390,Beta Team,Member
Linda Brown,155510390,2nd Year,20261391,Gamma Team,Leader
Meera Hernandez,155510391,2nd Year,20261392,Delta Team,Member
Aarav White,155510392,2nd Year,20261393,Alpha Team,Analyst
Kenneth Wilson,155510393,2nd Year,20261394,Beta Team,Developer
Dev Perez,155510394,2nd Year,20261395,Gamma Team,Designer
Mark Thomas,155510395,2nd Year,20261396,Delta Team,Coordinator
David Clark,155510396,2nd Year,20261397,Alpha Team,Secretary
Joshua Lopez,155510397,2nd Year,20261398,Beta Team,Treasurer
Mary Martinez,155510398,2nd Year,20261399,Gamma Team,Vice-Leader
Linda Taylor,155510399,2nd Year,20261400,Delta Team,Member
Joseph Miller,155510400,2nd Year,20261401,Alpha Team,Leader
Paul Sanchez,155510401,2nd Year,20261402,Beta Team,Member
Jennifer Nair,155510402,2nd Year,20261403,Gamma Team,Analyst
Daniel Iyer,155510403,2nd Year,20261404,Delta Team,Developer
Sandra White,155510404,2nd Year,20261405,Alpha Team,Designer
Michael Martin,155510405,2nd Year,20261406,Beta Team,Coordinator
Melissa Rao,155510406,2nd Year,20261407,Gamma Team,Secretary
Paul Clark,155510407,2nd Year,20261408,Delta Team,Treasurer
Sai Thompson,155510408,2nd Year,20261409,Alpha Team,Vice-Leader
Nancy Sharma,155510409,2nd Year,20261410,Beta Team,Member
Linda Smith,155510410,2nd Year,20261411,Gamma Team,Leader
Steven Lopez,155510411,2nd Year,20261412,Delta Team,Member
Donna Johnson,155510412,2nd Year,20261413,Alpha Team,Analyst
Betty Sen,155510413,2nd Year,20261414,Beta Team,Developer
Andrew Rao,155510414,2nd Year,20261415,Gamma Team,Designer
Betty Patel,155510415,2nd Year,20261416,Delta Team,Coordinator
Kevin Ramirez,155510416,2nd Year,20261417,Alpha Team,Secretary
Joseph Davis,155510417,2nd Year,20261418,Beta Team,Treasurer
Dorothy Joshi,155510418,2nd Year,20261419,Gamma Team,Vice-Leader
William Miller,155510419,2nd Year,20261420,Delta Team,Member
Christopher Lee,155510420,2nd Year,20261421,Alpha Team,Leader
Amanda Lopez,155510421,2nd Year,20261422,Beta Team,Member
Lisa Rodriguez,155510422,2nd Year,20261423,Gamma Team,Analyst
Kevin Miller,155510423,2nd Year,20261424,Delta Team,Developer
Barbara Gonzalez,155510424,2nd Year,20261425,Alpha Team,Designer
Melissa Reddy,155510425,2nd Year,20261426,Beta Team,Coordinator
Richard Rao,155510426,2nd Year,20261427,Gamma Team,Secretary
Kenneth Lopez,155510427,2nd Year,20261428,Delta Team,Treasurer
Anthony Perez,155510428,2nd Year,20261429,Alpha Team,Vice-Leader
William Lee,155510429,2nd Year,20261430,Beta Team,Member
Betty Johnson,155510430,2nd Year,20261431,Gamma Team,Leader
Dorothy Brown,155510431,2nd Year,20261432,Delta Team,Member
William Rao,155510432,2nd Year,20261433,Alpha Team,Analyst
Linda Thompson,155510433,2nd Year,20261434,Beta Team,Developer
Jessica Moore,155510434,2nd Year,20261435,Gamma Team,Designer
Joshua Lee,155510435,2nd Year,20261436,Delta Team,Coordinator
Brian Sharma,155510436,2nd Year,20261437,Alpha Team,Secretary
Jessica Wilson,155510437,2nd Year,20261438,Beta Team,Treasurer
Sandra Sanchez,155510438,2nd Year,20261439,Gamma Team,Vice-Leader
Charles Nair,155510439,2nd Year,20261440,Delta Team,Member
Matthew Robinson,155510440,2nd Year,20261441,Alpha Team,Leader
Ronald Sharma,155510441,2nd Year,20261442,Beta Team,Member
Donald Mehta,155510442,2nd Year,20261443,Gamma Team,Analyst
Nancy Robinson,155510443,2nd Year,20261444,Delta Team,Developer
Riya Harris,155510444,2nd Year,20261445,Alpha Team,Designer
Robert Clark,155510445,2nd Year,20261446,Beta Team,Coordinator
Joshua Davis,155510446,2nd Year,20261447,Gamma Team,Secretary
Paul Anderson,155510447,2nd Year,20261448,Delta Team,Treasurer
Jessica Anderson,155510448,2nd Year,20261449,Alpha Team,Vice-Leader
Sai Jones,155510449,2nd Year,20261450,Beta Team,Member
Thomas Iyer,155510450,2nd Year,20261451,Gamma Team,Leader
Margaret Brown,155510451,2nd Year,20261452,Delta Team,Member
Charles Rao,155510452,2nd Year,20261453,Alpha Team,Analyst
Vihaan Johnson,155510453,2nd Year,20261454,Beta Team,Developer
Andrew Iyer,155510454,2nd Year,20261455,Gamma Team,Designer
Meera Jones,155510455,2nd Year,20261456,Delta Team,Coordinator
Emily Sen,155510456,2nd Year,20261457,Alpha Team,Secretary
Nancy Martinez,155510457,2nd Year,20261458,Beta Team,Treasurer
William Clark,155510458,2nd Year,20261459,Gamma Team,Vice-Leader
Mark Robinson,155510459,2nd Year,20261460,Delta Team,Member
Carol Miller,155510460,2nd Year,20261461,Alpha Team,Leader
Mark Nair,155510461,2nd Year,20261462,Beta Team,Member
Isha Jackson,155510462,2nd Year,20261463,Gamma Team,Analyst
Charles Taylor,155510463,2nd Year,20261464,Delta Team,Developer
Thomas Brown,155510464,2nd Year,20261465,Alpha Team,Designer
Zara Hernandez,155510465,2nd Year,20261466,Beta Team,Coordinator
Robert Garcia,155510466,2nd Year,20261467,Gamma Team,Secretary
Elizabeth Taylor,155510467,2nd Year,20261468,Delta Team,Treasurer
Susan Perez,155510468,2nd Year,20261469,Alpha Team,Vice-Leader
John Williams,155510469,2nd Year,20261470,Beta Team,Member
Lisa Joshi,155510470,2nd Year,20261471,Gamma Team,Leader
Paul Reddy,155510471,2nd Year,20261472,Delta Team,Member
Ashley Thomas,155510472,2nd Year,20261473,Alpha Team,Analyst
Riya Gonzalez,155510473,2nd Year,20261474,Beta Team,Developer
Steven Williams,155510474,2nd Year,20261475,Gamma Team,Designer
John Anderson,155510475,2nd Year,20261476,Delta Team,Coordinator
Paul Jackson,155510476,2nd Year,20261477,Alpha Team,Secretary
William Martinez,155510477,2nd Year,20261478,Beta Team,Treasurer
Zara Clark,155510478,2nd Year,20261479,Gamma Team,Vice-Leader
Amanda Nair,155510479,2nd Year,20261480,Delta Team,Member
Kenneth Johnson,155510480,2nd Year,20261481,Alpha Team,Leader
Thomas Gonzalez,155510481,2nd Year,20261482,Beta Team,Member
Richard Taylor,155510482,2nd Year,20261483,Gamma Team,Analyst
Kevin Moore,155510483,2nd Year,20261484,Delta Team,Developer
Ananya Robinson,155510484,2nd Year,20261485,Alpha Team,Designer
Lisa Garcia,155510485,2nd Year,20261486,Beta Team,Coordinator
Timothy Lee,155510486,2nd Year,20261487,Gamma Team,Secretary
Karen Robinson,155510487,2nd Year,20261488,Delta Team,Treasurer
Vihaan Jones,155510488,2nd Year,20261489,Alpha Team,Vice-Leader
Matthew Sen,155510489,2nd Year,20261490,Beta Team,Member
William Thomas,155510490,2nd Year,20261491,Gamma Team,Leader
Nancy Jackson,155510491,2nd Year,20261492,Delta Team,Member
Betty Davis,155510492,2nd Year,20261493,Alpha Team,Analyst
Kenneth Patel,155510493,2nd Year,20261494,Beta Team,Developer
Amanda Gonzalez,155510494,2nd Year,20261495,Gamma Team,Designer
Aarav Sen,155510495,2nd Year,20261496,Delta Team,Coordinator
Vihaan White,155510496,2nd Year,20261497,Alpha Team,Secretary
Mary Taylor,155510497,2nd Year,20261498,Beta Team,Treasurer
Dev Smith,155510498,2nd Year,20261499,Gamma Team,Vice-Leader
Donna Sanchez,155510499,2nd Year,20261500,Delta Team,Member
Ashley Reddy,155510500,2nd Year,20261501,Alpha Team,Leader
Donna Anderson,155510501,2nd Year,20261502,Beta Team,Member
John Robinson,155510502,2nd Year,20261503,Gamma Team,Analyst
Zara Nair,155510503,2nd Year,20261504,Delta Team,Developer
Isha Harris,155510504,2nd Year,20261505,Alpha Team,Designer
Sai Reddy,155510505,2nd Year,20261506,Beta Team,Coordinator
William Sharma,155510506,2nd Year,20261507,Gamma Team,Secretary
Carol Lewis,155510507,2nd Year,20261508,Delta Team,Treasurer
Michael Lee,155510508,2nd Year,20261509,Alpha Team,Vice-Leader
John Johnson,155510509,2nd Year,20261510,Beta Team,Member
Kabir Davis,155510510,2nd Year,20261511,Gamma Team,Leader
Timothy Iyer,155510511,2nd Year,20261512,Delta Team,Member
Ronald Gonzalez,155510512,2nd Year,20261513,Alpha Team,Analyst
Robert Thomas,155510513,2nd Year,20261514,Beta Team,Developer
Sandra Hernandez,155510514,2nd Year,20261515,Gamma Team,Designer
Donald Lewis,155510515,2nd Year,20261516,Delta Team,Coordinator
Patricia Sharma,155510516,2nd Year,20261517,Alpha Team,Secretary
Robert Robinson,155510517,2nd Year,20261518,Beta Team,Treasurer
John Smith,155510518,2nd Year,20261519,Gamma Team,Vice-Leader
Kevin Harris,155510519,2nd Year,20261520,Delta Team,Member
Meera Williams,155510520,2nd Year,20261521,Alpha Team,Leader
Kabir White,155510521,2nd Year,20261522,Beta Team,Member
Isha Taylor,155510522,2nd Year,20261523,Gamma Team,Analyst
Brian Sanchez,155510523,2nd Year,20261524,Delta Team,Developer
Michelle Clark,155510524,2nd Year,20261525,Alpha Team,Designer
William Smith,155510525,2nd Year,20261526,Beta Team,Coordinator
Mary White,155510526,2nd Year,20261527,Gamma Team,Secretary
Emily Iyer,155510527,2nd Year,20261528,Delta Team,Treasurer
Jessica Gonzalez,155510528,2nd Year,20261529,Alpha Team,Vice-Leader
Kenneth Nair,155510529,2nd Year,20261530,Beta Team,Member
Jessica Robinson,155510530,2nd Year,20261531,Gamma Team,Leader
Elizabeth Hernandez,155510531,2nd Year,20261532,Delta Team,Member
Lisa Mehta,155510532,2nd Year,20261533,Alpha Team,Analyst
Donald Sharma,155510533,2nd Year,20261534,Beta Team,Developer
Anthony Thomas,155510534,2nd Year,20261535,Gamma Team,Designer
Elizabeth Gonzalez,155510535,2nd Year,20261536,Delta Team,Coordinator
Ashley Jackson,155510536,2nd Year,20261537,Alpha Team,Secretary
Michael Joshi,155510537,2nd Year,20261538,Beta Team,Treasurer
Deborah Hernandez,155510538,2nd Year,20261539,Gamma Team,Vice-Leader
Sarah Jones,155510539,2nd Year,20261540,Delta Team,Member
Emily White,155510540,2nd Year,20261541,Alpha Team,Leader
Aarav Joshi,155510541,2nd Year,20261542,Beta Team,Member
Susan Rodriguez,155510542,2nd Year,20261543,Gamma Team,Analyst
Lisa Thompson,155510543,2nd Year,20261544,Delta Team,Developer
Margaret Reddy,155510544,2nd Year,20261545,Alpha Team,Designer
Kenneth Robinson,155510545,2nd Year,20261546,Beta Team,Coordinator
Michael Reddy,155510546,2nd Year,20261547,Gamma Team,Secretary
Emily Hernandez,155510547,2nd Year,20261548,Delta Team,Treasurer
Dev Moore,155510548,2nd Year,20261549,Alpha Team,Vice-Leader
Michael Ramirez,155510549,2nd Year,20261550,Beta Team,Member
Sarah Lewis,155510550,2nd Year,20261551,Gamma Team,Leader
Carol Garcia,155510551,2nd Year,20261552,Delta Team,Member
Mary Sen,155510552,2nd Year,20261553,Alpha Team,Analyst
Thomas Lopez,155510553,2nd Year,20261554,Beta Team,Developer
Kabir Garcia,155510554,2nd Year,20261555,Gamma Team,Designer
Mary Brown,155510555,2nd Year,20261556,Delta Team,Coordinator
Patricia Smith,155510556,2nd Year,20261557,Alpha Team,Secretary
Deborah Iyer,155510557,2nd Year,20261558,Beta Team,Treasurer
Deborah Sharma,155510558,2nd Year,20261559,Gamma Team,Vice-Leader
Amanda Sen,155510559,2nd Year,20261560,Delta Team,Member
William Robinson,155510560,2nd Year,20261561,Alpha Team,Leader
Paul Ramirez,155510561,2nd Year,20261562,Beta Team,Member
Kenneth Martin,155510562,2nd Year,20261563,Gamma Team,Analyst
Dorothy Iyer,155510563,2nd Year,20261564,Delta Team,Developer
Zara Sanchez,155510564,2nd Year,20261565,Alpha Team,Designer
Mark Perez,155510565,2nd Year,20261566,Beta Team,Coordinator
Ananya Hernandez,155510566,2nd Year,20261567,Gamma Team,Secretary
Andrew Patel,155510567,2nd Year,20261568,Delta Team,Treasurer
Paul Thomas,155510568,2nd Year,20261569,Alpha Team,Vice-Leader
James Miller,155510569,2nd Year,20261570,Beta Team,Member
Zara Davis,155510570,2nd Year,20261571,Gamma Team,Leader
Jessica Martinez,155510571,2nd Year,20261572,Delta Team,Member
Sai Martinez,155510572,2nd Year,20261573,Alpha Team,Analyst
Isha Moore,155510573,2nd Year,20261574,Beta Team,Developer
Kabir Reddy,155510574,2nd Year,20261575,Gamma Team,Designer
Nancy Thomas,155510575,2nd Year,20261576,Delta Team,Coordinator
Charles Martin,155510576,2nd Year,20261577,Alpha Team,Secretary
Kabir Jones,155510577,2nd Year,20261578,Beta Team,Treasurer
Vihaan Lee,155510578,2nd Year,20261579,Gamma Team,Vice-Leader
Joshua Thompson,155510579,2nd Year,20261580,Delta Team,Member
Donna Joshi,155510580,2nd Year,20261581,Alpha Team,Leader
Amanda Harris,155510581,2nd Year,20261582,Beta Team,Member
Kevin Garcia,155510582,2nd Year,20261583,Gamma Team,Analyst
Isha Reddy,155510583,2nd Year,20261584,Delta Team,Developer
Barbara Rodriguez,155510584,2nd Year,20261585,Alpha Team,Designer
Mary Lee,155510585,2nd Year,20261586,Beta Team,Coordinator
Sandra Kapoor,155510586,2nd Year,20261587,Gamma Team,Secretary
Vihaan Joshi,155510587,2nd Year,20261588,Delta Team,Treasurer
Barbara Patel,155510588,2nd Year,20261589,Alpha Team,Vice-Leader
Sarah Nair,155510589,2nd Year,20261590,Beta Team,Member
Charles Lewis,155510590,2nd Year,20261591,Gamma Team,Leader
Amanda Martin,155510591,2nd Year,20261592,Delta Team,Member
Sarah Lee,155510592,2nd Year,20261593,Alpha Team,Analyst
Robert Kapoor,155510593,2nd Year,20261594,Beta Team,Developer
Richard Davis,155510594,2nd Year,20261595,Gamma Team,Designer
Kabir Hernandez,155510595,2nd Year,20261596,Delta Team,Coordinator
Michelle Sen,155510596,2nd Year,20261597,Alpha Team,Secretary
Lisa Nair,155510597,2nd Year,20261598,Beta Team,Treasurer
William Taylor,155510598,2nd Year,20261599,Gamma Team,Vice-Leader
Lisa Moore,155510599,2nd Year,20261600,Delta Team,Member
Dorothy Garcia,155510600,3rd Year,20261601,Alpha Team,Leader
Andrew Jackson,155510601,3rd Year,20261602,Beta Team,Member
Sai Joshi,155510602,3rd Year,20261603,Gamma Team,Analyst
Sarah Ramirez,155510603,3rd Year,20261604,Delta Team,Developer
Charles Davis,155510604,3rd Year,20261605,Alpha Team,Designer
Ronald Iyer,155510605,3rd Year,20261606,Beta Team,Coordinator
Thomas Kapoor,155510606,3rd Year,20261607,Gamma Team,Secretary
Jessica Taylor,155510607,3rd Year,20261608,Delta Team,Treasurer
Steven Rao,155510608,3rd Year,20261609,Alpha Team,Vice-Leader
Meera Lewis,155510609,3rd Year,20261610,Beta Team,Member
Michelle Ramirez,155510610,3rd Year,20261611,Gamma Team,Leader
Daniel Rao,155510611,3rd Year,20261612,Delta Team,Member
Michael Thomas,155510612,3rd Year,20261613,Alpha Team,Analyst
James Thompson,155510613,3rd Year,20261614,Beta Team,Developer
Robert Sanchez,155510614,3rd Year,20261615,Gamma Team,Designer
Dev Rodriguez,155510615,3rd Year,20261616,Delta Team,Coordinator
Joshua Hernandez,155510616,3rd Year,20261617,Alpha Team,Secretary
Matthew Nair,155510617,3rd Year,20261618,Beta Team,Treasurer
Karen Harris,155510618,3rd Year,20261619,Gamma Team,Vice-Leader
Carol Clark,155510619,3rd Year,20261620,Delta Team,Member
Karen Lewis,155510620,3rd Year,20261621,Alpha Team,Leader
Ashley Rao,155510621,3rd Year,20261622,Beta Team,Member
Joseph Joshi,155510622,3rd Year,20261623,Gamma Team,Analyst
Meera Martinez,155510623,3rd Year,20261624,Delta Team,Developer
Sandra Miller,155510624,3rd Year,20261625,Alpha Team,Designer
Michelle Joshi,155510625,3rd Year,20261626,Beta Team,Coordinator
Riya Mehta,155510626,3rd Year,20261627,Gamma Team,Secretary
Sarah Mehta,155510627,3rd Year,20261628,Delta Team,Treasurer
John Harris,155510628,3rd Year,20261629,Alpha Team,Vice-Leader
Kenneth Davis,155510629,3rd Year,20261630,Beta Team,Member
Nancy Ramirez,155510630,3rd Year,20261631,Gamma Team,Leader
Dorothy Anderson,155510631,3rd Year,20261632,Delta Team,Member
Kimberly Gonzalez,155510632,3rd Year,20261633,Alpha Team,Analyst
Susan Harris,155510633,3rd Year,20261634,Beta Team,Developer
Joshua Rao,155510634,3rd Year,20261635,Gamma Team,Designer
Robert Perez,155510635,3rd Year,20261636,Delta Team,Coordinator
Deborah Moore,155510636,3rd Year,20261637,Alpha Team,Secretary
Linda Jackson,155510637,3rd Year,20261638,Beta Team,Treasurer
Steven Taylor,155510638,3rd Year,20261639,Gamma Team,Vice-Leader
Robert Hernandez,155510639,3rd Year,20261640,Delta Team,Member
Deborah Nair,155510640,3rd Year,20261641,Alpha Team,Leader
Melissa Miller,155510641,3rd Year,20261642,Beta Team,Member
Deborah Ramirez,155510642,3rd Year,20261643,Gamma Team,Analyst
Jennifer Reddy,155510643,3rd Year,20261644,Delta Team,Developer
Emily Johnson,155510644,3rd Year,20261645,Alpha Team,Designer
Deborah Joshi,155510645,3rd Year,20261646,Beta Team,Coordinator
Christopher Nair,155510646,3rd Year,20261647,Gamma Team,Secretary
Jennifer Brown,155510647,3rd Year,20261648,Delta Team,Treasurer
Donna Patel,155510648,3rd Year,20261649,Alpha Team,Vice-Leader
Elizabeth Moore,155510649,3rd Year,20261650,Beta Team,Member
Sarah Smith,155510650,3rd Year,20261651,Gamma Team,Leader
Joseph Sanchez,155510651,3rd Year,20261652,Delta Team,Member
Isha Martin,155510652,3rd Year,20261653,Alpha Team,Analyst
Margaret Rodriguez,155510653,3rd Year,20261654,Beta Team,Developer
Matthew Rao,155510654,3rd Year,20261655,Gamma Team,Designer
Carol Gonzalez,155510655,3rd Year,20261656,Delta Team,Coordinator
Michael Lewis,155510656,3rd Year,20261657,Alpha Team,Secretary
Zara Joshi,155510657,3rd Year,20261658,Beta Team,Treasurer
Charles Patel,155510658,3rd Year,20261659,Gamma Team,Vice-Leader
Robert Mehta,155510659,3rd Year,20261660,Delta Team,Member
Aarav Clark,155510660,3rd Year,20261661,Alpha Team,Leader
Richard Sen,155510661,3rd Year,20261662,Beta Team,Member
John Gonzalez,155510662,3rd Year,20261663,Gamma Team,Analyst
Amanda Lewis,155510663,3rd Year,20261664,Delta Team,Developer
Robert Joshi,155510664,3rd Year,20261665,Alpha Team,Designer
Andrew Robinson,155510665,3rd Year,20261666,Beta Team,Coordinator
Kabir Martinez,155510666,3rd Year,20261667,Gamma Team,Secretary
Emily Joshi,155510667,3rd Year,20261668,Delta Team,Treasurer
Joseph Rao,155510668,3rd Year,20261669,Alpha Team,Vice-Leader
Betty Moore,155510669,3rd Year,20261670,Beta Team,Member
Timothy Lewis,155510670,3rd Year,20261671,Gamma Team,Leader
Mark Reddy,155510671,3rd Year,20261672,Delta Team,Member
Ananya Mehta,155510672,3rd Year,20261673,Alpha Team,Analyst
Paul Wilson,155510673,3rd Year,20261674,Beta Team,Developer
Sarah Brown,155510674,3rd Year,20261675,Gamma Team,Designer
Amanda Iyer,155510675,3rd Year,20261676,Delta Team,Coordinator
Sai Miller,155510676,3rd Year,20261677,Alpha Team,Secretary
John Perez,155510677,3rd Year,20261678,Beta Team,Treasurer
Anthony Anderson,155510678,3rd Year,20261679,Gamma Team,Vice-Leader
Anthony Thompson,155510679,3rd Year,20261680,Delta Team,Member
Lisa Reddy,155510680,3rd Year,20261681,Alpha Team,Leader
Thomas Wilson,155510681,3rd Year,20261682,Beta Team,Member
Andrew Wilson,155510682,3rd Year,20261683,Gamma Team,Analyst
Vihaan Anderson,155510683,3rd Year,20261684,Delta Team,Developer
Steven Anderson,155510684,3rd Year,20261685,Alpha Team,Designer
Kevin Sanchez,155510685,3rd Year,20261686,Beta Team,Coordinator
Elizabeth Anderson,155510686,3rd Year,20261687,Gamma Team,Secretary
Michael Garcia,155510687,3rd Year,20261688,Delta Team,Treasurer
Kenneth Jackson,155510688,3rd Year,20261689,Alpha Team,Vice-Leader
Susan Taylor,155510689,3rd Year,20261690,Beta Team,Member
Meera Gonzalez,155510690,3rd Year,20261691,Gamma Team,Leader
Steven Iyer,155510691,3rd Year,20261692,Delta Team,Member
Riya Jackson,155510692,3rd Year,20261693,Alpha Team,Analyst
Carol Johnson,155510693,3rd Year,20261694,Beta Team,Developer
John Brown,155510694,3rd Year,20261695,Gamma Team,Designer
Michael Sanchez,155510695,3rd Year,20261696,Delta Team,Coordinator
Betty Mehta,155510696,3rd Year,20261697,Alpha Team,Secretary
Timothy Perez,155510697,3rd Year,20261698,Beta Team,Treasurer
Carol Martinez,155510698,3rd Year,20261699,Gamma Team,Vice-Leader
Kevin Smith,155510699,3rd Year,20261700,Delta Team,Member
Kimberly Nair,155510700,3rd Year,20261701,Alpha Team,Leader
David Brown,155510701,3rd Year,20261702,Beta Team,Member
Paul Brown,155510702,3rd Year,20261703,Gamma Team,Analyst
Amanda Sharma,155510703,3rd Year,20261704,Delta Team,Developer
Michelle Williams,155510704,3rd Year,20261705,Alpha Team,Designer
Kimberly Clark,155510705,3rd Year,20261706,Beta Team,Coordinator
Anthony Sharma,155510706,3rd Year,20261707,Gamma Team,Secretary
Patricia Perez,155510707,3rd Year,20261708,Delta Team,Treasurer
Ananya Smith,155510708,3rd Year,20261709,Alpha Team,Vice-Leader
Mark Joshi,155510709,3rd Year,20261710,Beta Team,Member
Mark Iyer,155510710,3rd Year,20261711,Gamma Team,Leader
Melissa Johnson,155510711,3rd Year,20261712,Delta Team,Member
Joseph Gonzalez,155510712,3rd Year,20261713,Alpha Team,Analyst
Patricia Jackson,155510713,3rd Year,20261714,Beta Team,Developer
Michelle Taylor,155510714,3rd Year,20261715,Gamma Team,Designer
Dorothy Martinez,155510715,3rd Year,20261716,Delta Team,Coordinator
Betty Martin,155510716,3rd Year,20261717,Alpha Team,Secretary
Deborah Perez,155510717,3rd Year,20261718,Beta Team,Treasurer
Linda Moore,155510718,3rd Year,20261719,Gamma Team,Vice-Leader
Susan Thompson,155510719,3rd Year,20261720,Delta Team,Member
Ananya Reddy,155510720,3rd Year,20261721,Alpha Team,Leader
Michelle Reddy,155510721,3rd Year,20261722,Beta Team,Member
Susan Lee,155510722,3rd Year,20261723,Gamma Team,Analyst
Kabir Miller,155510723,3rd Year,20261724,Delta Team,Developer
Meera Perez,155510724,3rd Year,20261725,Alpha Team,Designer
Richard Williams,155510725,3rd Year,20261726,Beta Team,Coordinator
Thomas Williams,155510726,3rd Year,20261727,Gamma Team,Secretary
Sarah Wilson,155510727,3rd Year,20261728,Delta Team,Treasurer
Isha Anderson,155510728,3rd Year,20261729,Alpha Team,Vice-Leader
Jessica Sharma,155510729,3rd Year,20261730,Beta Team,Member
Jennifer Garcia,155510730,3rd Year,20261731,Gamma Team,Leader
Ronald Moore,155510731,3rd Year,20261732,Delta Team,Member
Timothy Hernandez,155510732,3rd Year,20261733,Alpha Team,Analyst
Jennifer Rodriguez,155510733,3rd Year,20261734,Beta Team,Developer
Aarav Kapoor,155510734,3rd Year,20261735,Gamma Team,Designer
Ananya Patel,155510735,3rd Year,20261736,Delta Team,Coordinator
Kenneth Kapoor,155510736,3rd Year,20261737,Alpha Team,Secretary
Jessica Joshi,155510737,3rd Year,20261738,Beta Team,Treasurer
Donna Kapoor,155510738,3rd Year,20261739,Gamma Team,Vice-Leader
Kimberly Robinson,155510739,3rd Year,20261740,Delta Team,Member
Paul Lopez,155510740,3rd Year,20261741,Alpha Team,Leader
Steven Sen,155510741,3rd Year,20261742,Beta Team,Member
Matthew Perez,155510742,3rd Year,20261743,Gamma Team,Analyst
Meera Ramirez,155510743,3rd Year,20261744,Delta Team,Developer
Jessica Miller,155510744,3rd Year,20261745,Alpha Team,Designer
Aarav Sanchez,155510745,3rd Year,20261746,Beta Team,Coordinator
James Garcia,155510746,3rd Year,20261747,Gamma Team,Secretary
Zara Taylor,155510747,3rd Year,20261748,Delta Team,Treasurer
Lisa Martinez,155510748,3rd Year,20261749,Alpha Team,Vice-Leader
Linda White,155510749,3rd Year,20261750,Beta Team,Member
Richard Harris,155510750,3rd Year,20261751,Gamma Team,Leader
Michael Jones,155510751,3rd Year,20261752,Delta Team,Member
Deborah Jackson,155510752,3rd Year,20261753,Alpha Team,Analyst
Ronald Taylor,155510753,3rd Year,20261754,Beta Team,Developer
Lisa Johnson,155510754,3rd Year,20261755,Gamma Team,Designer
Michelle Thomas,155510755,3rd Year,20261756,Delta Team,Coordinator
Margaret Davis,155510756,3rd Year,20261757,Alpha Team,Secretary
Ananya Kapoor,155510757,3rd Year,20261758,Beta Team,Treasurer
William Harris,155510758,3rd Year,20261759,Gamma Team,Vice-Leader
Timothy Clark,155510759,3rd Year,20261760,Delta Team,Member
Sarah Rodriguez,155510760,3rd Year,20261761,Alpha Team,Leader
Kevin Jackson,155510761,3rd Year,20261762,Beta Team,Member
Carol Rao,155510762,3rd Year,20261763,Gamma Team,Analyst
Betty Robinson,155510763,3rd Year,20261764,Delta Team,Developer
Vihaan Reddy,155510764,3rd Year,20261765,Alpha Team,Designer
Robert Jackson,155510765,3rd Year,20261766,Beta Team,Coordinator
Deborah Kapoor,155510766,3rd Year,20261767,Gamma Team,Secretary
Donna Reddy,155510767,3rd Year,20261768,Delta Team,Treasurer
Dev Thompson,155510768,3rd Year,20261769,Alpha Team,Vice-Leader
Sandra Wilson,155510769,3rd Year,20261770,Beta Team,Member
Joshua Taylor,155510770,3rd Year,20261771,Gamma Team,Leader
Jessica Kapoor,155510771,3rd Year,20261772,Delta Team,Member
Ananya Garcia,155510772,3rd Year,20261773,Alpha Team,Analyst
Nancy Mehta,155510773,3rd Year,20261774,Beta Team,Developer
Brian Jones,155510774,3rd Year,20261775,Gamma Team,Designer
Betty Sharma,155510775,3rd Year,20261776,Delta Team,Coordinator
Michael Smith,155510776,3rd Year,20261777,Alpha Team,Secretary
Sandra Martin,155510777,3rd Year,20261778,Beta Team,Treasurer
Jessica Brown,155510778,3rd Year,20261779,Gamma Team,Vice-Leader
Meera Brown,155510779,3rd Year,20261780,Delta Team,Member
Kimberly Jackson,155510780,3rd Year,20261781,Alpha Team,Leader
Nancy Taylor,155510781,3rd Year,20261782,Beta Team,Member
Margaret Lee,155510782,3rd Year,20261783,Gamma Team,Analyst
Jessica Davis,155510783,3rd Year,20261784,Delta Team,Developer
Ashley Anderson,155510784,3rd Year,20261785,Alpha Team,Designer
Charles Mehta,155510785,3rd Year,20261786,Beta Team,Coordinator
Daniel Wilson,155510786,3rd Year,20261787,Gamma Team,Secretary
Dev Robinson,155510787,3rd Year,20261788,Delta Team,Treasurer
Margaret Kapoor,155510788,3rd Year,20261789,Alpha Team,Vice-Leader
Kimberly Martinez,155510789,3rd Year,20261790,Beta Team,Member
Ashley Sanchez,155510790,3rd Year,20261791,Gamma Team,Leader
Patricia Garcia,155510791,3rd Year,20261792,Delta Team,Member
Joseph Rodriguez,155510792,3rd Year,20261793,Alpha Team,Analyst
Daniel Smith,155510793,3rd Year,20261794,Beta Team,Developer
Betty Brown,155510794,3rd Year,20261795,Gamma Team,Designer
Donna Martinez,155510795,3rd Year,20261796,Delta Team,Coordinator
Susan Ramirez,155510796,3rd Year,20261797,Alpha Team,Secretary
Karen Jackson,155510797,3rd Year,20261798,Beta Team,Treasurer
Charles Jackson,155510798,3rd Year,20261799,Gamma Team,Vice-Leader
Matthew Kapoor,155510799,3rd Year,20261800,Delta Team,Member
Brian Reddy,155510800,3rd Year,20261801,Alpha Team,Leader
Barbara Reddy,155510801,3rd Year,20261802,Beta Team,Member
Patricia Kapoor,155510802,3rd Year,20261803,Gamma Team,Analyst
John Kapoor,155510803,3rd Year,20261804,Delta Team,Developer
David Jones,155510804,3rd Year,20261805,Alpha Team,Designer
Deborah Rodriguez,155510805,3rd Year,20261806,Beta Team,Coordinator
William Perez,155510806,3rd Year,20261807,Gamma Team,Secretary
Jessica Patel,155510807,3rd Year,20261808,Delta Team,Treasurer
Christopher Sanchez,155510808,3rd Year,20261809,Alpha Team,Vice-Leader
Susan Kapoor,155510809,3rd Year,20261810,Beta Team,Member
Anthony Brown,155510810,3rd Year,20261811,Gamma Team,Leader
Karen Lopez,155510811,3rd Year,20261812,Delta Team,Member
Brian Thomas,155510812,3rd Year,20261813,Alpha Team,Analyst
Mark Patel,155510813,3rd Year,20261814,Beta Team,Developer
Dev Lewis,155510814,3rd Year,20261815,Gamma Team,Designer
Patricia Nair,155510815,3rd Year,20261816,Delta Team,Coordinator
Deborah Anderson,155510816,3rd Year,20261817,Alpha Team,Secretary
Riya Thompson,155510817,3rd Year,20261818,Beta Team,Treasurer
Sarah Garcia,155510818,3rd Year,20261819,Gamma Team,Vice-Leader
David White,155510819,3rd Year,20261820,Delta Team,Member
Dorothy Hernandez,155510820,3rd Year,20261821,Alpha Team,Leader
Margaret Mehta,155510821,3rd Year,20261822,Beta Team,Member
Robert Martin,155510822,3rd Year,20261823,Gamma Team,Analyst
Jessica Martin,155510823,3rd Year,20261824,Delta Team,Developer
Ashley Patel,155510824,3rd Year,20261825,Alpha Team,Designer
Michael Davis,155510825,3rd Year,20261826,Beta Team,Coordinator
Riya Miller,155510826,3rd Year,20261827,Gamma Team,Secretary
Zara Rodriguez,155510827,3rd Year,20261828,Delta Team,Treasurer
John Nair,155510828,3rd Year,20261829,Alpha Team,Vice-Leader
Nancy Martin,155510829,3rd Year,20261830,Beta Team,Member
Sarah Davis,155510830,3rd Year,20261831,Gamma Team,Leader
James Moore,155510831,3rd Year,20261832,Delta Team,Member
Jennifer Lee,155510832,3rd Year,20261833,Alpha Team,Analyst
Joshua Garcia,155510833,3rd Year,20261834,Beta Team,Developer
Lisa Sen,155510834,3rd Year,20261835,Gamma Team,Designer
Vihaan Smith,155510835,3rd Year,20261836,Delta Team,Coordinator
Michelle Kapoor,155510836,3rd Year,20261837,Alpha Team,Secretary
Ananya Iyer,155510837,3rd Year,20261838,Beta Team,Treasurer
Sandra Davis,155510838,3rd Year,20261839,Gamma Team,Vice-Leader
Sai Sen,155510839,3rd Year,20261840,Delta Team,Member
Mark Hernandez,155510840,3rd Year,20261841,Alpha Team,Leader
Aarav Perez,155510841,3rd Year,20261842,Beta Team,Member
Steven Kapoor,155510842,3rd Year,20261843,Gamma Team,Analyst
Emily Rao,155510843,3rd Year,20261844,Delta Team,Developer
Jessica Rao,155510844,3rd Year,20261845,Alpha Team,Designer
Thomas Sharma,155510845,3rd Year,20261846,Beta Team,Coordinator
Karen Miller,155510846,3rd Year,20261847,Gamma Team,Secretary
Christopher Martin,155510847,3rd Year,20261848,Delta Team,Treasurer
Emily Lee,155510848,3rd Year,20261849,Alpha Team,Vice-Leader
Meera Sen,155510849,3rd Year,20261850,Beta Team,Member
Daniel Thompson,155510850,4th Year,20261851,Gamma Team,Leader
Andrew Anderson,155510851,4th Year,20261852,Delta Team,Member
Daniel Ramirez,155510852,4th Year,20261853,Alpha Team,Analyst
Riya Rao,155510853,4th Year,20261854,Beta Team,Developer
Lisa Lopez,155510854,4th Year,20261855,Gamma Team,Designer
Richard Lopez,155510855,4th Year,20261856,Delta Team,Coordinator
James Martinez,155510856,4th Year,20261857,Alpha Team,Secretary
Mark Rao,155510857,4th Year,20261858,Beta Team,Treasurer
Daniel Martin,155510858,4th Year,20261859,Gamma Team,Vice-Leader
Joshua Martinez,155510859,4th Year,20261860,Delta Team,Member
Brian Robinson,155510860,4th Year,20261861,Alpha Team,Leader
Margaret Smith,155510861,4th Year,20261862,Beta Team,Member
Robert Brown,155510862,4th Year,20261863,Gamma Team,Analyst
Jennifer Wilson,155510863,4th Year,20261864,Delta Team,Developer
John Thomas,155510864,4th Year,20261865,Alpha Team,Designer
Meera Lee,155510865,4th Year,20261866,Beta Team,Coordinator
Dev Martin,155510866,4th Year,20261867,Gamma Team,Secretary
Joshua Sharma,155510867,4th Year,20261868,Delta Team,Treasurer
Kevin Patel,155510868,4th Year,20261869,Alpha Team,Vice-Leader
Matthew Lewis,155510869,4th Year,20261870,Beta Team,Member
Robert Anderson,155510870,4th Year,20261871,Gamma Team,Leader
Timothy Taylor,155510871,4th Year,20261872,Delta Team,Member
Steven Miller,155510872,4th Year,20261873,Alpha Team,Analyst
Dev Jackson,155510873,4th Year,20261874,Beta Team,Developer
Donna Thompson,155510874,4th Year,20261875,Gamma Team,Designer
Isha Johnson,155510875,4th Year,20261876,Delta Team,Coordinator
James Robinson,155510876,4th Year,20261877,Alpha Team,Secretary
Ronald Perez,155510877,4th Year,20261878,Beta Team,Treasurer
Betty Rodriguez,155510878,4th Year,20261879,Gamma Team,Vice-Leader
Patricia Lee,155510879,4th Year,20261880,Delta Team,Member
Jennifer Kapoor,155510880,4th Year,20261881,Alpha Team,Leader
Betty Clark,155510881,4th Year,20261882,Beta Team,Member
William Jones,155510882,4th Year,20261883,Gamma Team,Analyst
Joseph Iyer,155510883,4th Year,20261884,Delta Team,Developer
Karen Reddy,155510884,4th Year,20261885,Alpha Team,Designer
Ashley Kapoor,155510885,4th Year,20261886,Beta Team,Coordinator
Ashley Sharma,155510886,4th Year,20261887,Gamma Team,Secretary
Riya Brown,155510887,4th Year,20261888,Delta Team,Treasurer
Joseph Jones,155510888,4th Year,20261889,Alpha Team,Vice-Leader
Vihaan Rao,155510889,4th Year,20261890,Beta Team,Member
Michael Sen,155510890,4th Year,20261891,Gamma Team,Leader
Charles Lee,155510891,4th Year,20261892,Delta Team,Member
Kevin Iyer,155510892,4th Year,20261893,Alpha Team,Analyst
Robert Rodriguez,155510893,4th Year,20261894,Beta Team,Developer
Dorothy Wilson,155510894,4th Year,20261895,Gamma Team,Designer
Karen Sanchez,155510895,4th Year,20261896,Delta Team,Coordinator
Emily Thomas,155510896,4th Year,20261897,Alpha Team,Secretary
Kenneth Taylor,155510897,4th Year,20261898,Beta Team,Treasurer
Margaret Jones,155510898,4th Year,20261899,Gamma Team,Vice-Leader
Karen Thompson,155510899,4th Year,20261900,Delta Team,Member
Mark Johnson,155510900,4th Year,20261901,Alpha Team,Leader
Dorothy Lopez,155510901,4th Year,20261902,Beta Team,Member
Daniel Joshi,155510902,4th Year,20261903,Gamma Team,Analyst
Melissa Perez,155510903,4th Year,20261904,Delta Team,Developer
Elizabeth Wilson,155510904,4th Year,20261905,Alpha Team,Designer
Sarah Williams,155510905,4th Year,20261906,Beta Team,Coordinator
Ashley Sen,155510906,4th Year,20261907,Gamma Team,Secretary
Kabir Lopez,155510907,4th Year,20261908,Delta Team,Treasurer
Kevin Davis,155510908,4th Year,20261909,Alpha Team,Vice-Leader
Sarah Clark,155510909,4th Year,20261910,Beta Team,Member
Brian Taylor,155510910,4th Year,20261911,Gamma Team,Leader
Paul Williams,155510911,4th Year,20261912,Delta Team,Member
Kimberly Ramirez,155510912,4th Year,20261913,Alpha Team,Analyst
Kabir Joshi,155510913,4th Year,20261914,Beta Team,Developer
Betty Perez,155510914,4th Year,20261915,Gamma Team,Designer
Aarav Brown,155510915,4th Year,20261916,Delta Team,Coordinator
Joshua Williams,155510916,4th Year,20261917,Alpha Team,Secretary
Carol Nair,155510917,4th Year,20261918,Beta Team,Treasurer
Meera White,155510918,4th Year,20261919,Gamma Team,Vice-Leader
Timothy Ramirez,155510919,4th Year,20261920,Delta Team,Member
Susan Martinez,155510920,4th Year,20261921,Alpha Team,Leader
Timothy Thompson,155510921,4th Year,20261922,Beta Team,Member
Joshua Jones,155510922,4th Year,20261923,Gamma Team,Analyst
David Thomas,155510923,4th Year,20261924,Delta Team,Developer
Margaret Wilson,155510924,4th Year,20261925,Alpha Team,Designer
Jennifer Thomas,155510925,4th Year,20261926,Beta Team,Coordinator
William Sen,155510926,4th Year,20261927,Gamma Team,Secretary
Brian Martin,155510927,4th Year,20261928,Delta Team,Treasurer
James Iyer,155510928,4th Year,20261929,Alpha Team,Vice-Leader
Sandra Patel,155510929,4th Year,20261930,Beta Team,Member
Paul Sharma,155510930,4th Year,20261931,Gamma Team,Leader
Matthew Reddy,155510931,4th Year,20261932,Delta Team,Member
Emily Jackson,155510932,4th Year,20261933,Alpha Team,Analyst
Robert Sen,155510933,4th Year,20261934,Beta Team,Developer
Carol Perez,155510934,4th Year,20261935,Gamma Team,Designer
Ronald Sanchez,155510935,4th Year,20261936,Delta Team,Coordinator
Ananya Nair,155510936,4th Year,20261937,Alpha Team,Secretary
Elizabeth Brown,155510937,4th Year,20261938,Beta Team,Treasurer
Vihaan Kapoor,155510938,4th Year,20261939,Gamma Team,Vice-Leader
Amanda Taylor,155510939,4th Year,20261940,Delta Team,Member
Robert Iyer,155510940,4th Year,20261941,Alpha Team,Leader
Richard Hernandez,155510941,4th Year,20261942,Beta Team,Member
Mary Sanchez,155510942,4th Year,20261943,Gamma Team,Analyst
John Rodriguez,155510943,4th Year,20261944,Delta Team,Developer
Donna Harris,155510944,4th Year,20261945,Alpha Team,Designer
Kabir Perez,155510945,4th Year,20261946,Beta Team,Coordinator
Kimberly Davis,155510946,4th Year,20261947,Gamma Team,Secretary
Mary Garcia,155510947,4th Year,20261948,Delta Team,Treasurer
Linda Robinson,155510948,4th Year,20261949,Alpha Team,Vice-Leader
Margaret Joshi,155510949,4th Year,20261950,Beta Team,Member
Zara Robinson,155510950,4th Year,20261951,Gamma Team,Leader
Susan Thomas,155510951,4th Year,20261952,Delta Team,Member
Ashley Lewis,155510952,4th Year,20261953,Alpha Team,Analyst
Kenneth Lewis,155510953,4th Year,20261954,Beta Team,Developer
Kevin Rao,155510954,4th Year,20261955,Gamma Team,Designer
Karen Hernandez,155510955,4th Year,20261956,Delta Team,Coordinator
Zara Miller,155510956,4th Year,20261957,Alpha Team,Secretary
Andrew Thomas,155510957,4th Year,20261958,Beta Team,Treasurer
Sai White,155510958,4th Year,20261959,Gamma Team,Vice-Leader
Paul Rodriguez,155510959,4th Year,20261960,Delta Team,Member
Joshua Gonzalez,155510960,4th Year,20261961,Alpha Team,Leader
Mark Wilson,155510961,4th Year,20261962,Beta Team,Member
Deborah Taylor,155510962,4th Year,20261963,Gamma Team,Analyst
Carol Joshi,155510963,4th Year,20261964,Delta Team,Developer
Ananya Rao,155510964,4th Year,20261965,Alpha Team,Designer
Brian Jackson,155510965,4th Year,20261966,Beta Team,Coordinator
Joshua Ramirez,155510966,4th Year,20261967,Gamma Team,Secretary
Aarav Martinez,155510967,4th Year,20261968,Delta Team,Treasurer
Lisa Hernandez,155510968,4th Year,20261969,Alpha Team,Vice-Leader
Dorothy Clark,155510969,4th Year,20261970,Beta Team,Member
Donna Brown,155510970,4th Year,20261971,Gamma Team,Leader
Elizabeth Martinez,155510971,4th Year,20261972,Delta Team,Member
Christopher Ramirez,155510972,4th Year,20261973,Alpha Team,Analyst
Dev Brown,155510973,4th Year,20261974,Beta Team,Developer
Timothy White,155510974,4th Year,20261975,Gamma Team,Designer
Meera Harris,155510975,4th Year,20261976,Delta Team,Coordinator
Donna Lee,155510976,4th Year,20261977,Alpha Team,Secretary
Sai Williams,155510977,4th Year,20261978,Beta Team,Treasurer
Jennifer Iyer,155510978,4th Year,20261979,Gamma Team,Vice-Leader
Susan Rao,155510979,4th Year,20261980,Delta Team,Member
Betty Rao,155510980,4th Year,20261981,Alpha Team,Leader
Sai Anderson,155510981,4th Year,20261982,Beta Team,Member
Jessica Ramirez,155510982,4th Year,20261983,Gamma Team,Analyst
Sai Lee,155510983,4th Year,20261984,Delta Team,Developer
Isha Lee,155510984,4th Year,20261985,Alpha Team,Designer
Aarav Taylor,155510985,4th Year,20261986,Beta Team,Coordinator
Christopher Davis,155510986,4th Year,20261987,Gamma Team,Secretary
Matthew Sharma,155510987,4th Year,20261988,Delta Team,Treasurer
Kenneth Brown,155510988,4th Year,20261989,Alpha Team,Vice-Leader
Elizabeth Sharma,155510989,4th Year,20261990,Beta Team,Member
Daniel Mehta,155510990,4th Year,20261991,Gamma Team,Leader
Sai Ramirez,155510991,4th Year,20261992,Delta Team,Member
Amanda Rao,155510992,4th Year,20261993,Alpha Team,Analyst
Zara Perez,155510993,4th Year,20261994,Beta Team,Developer
Aarav Nair,155510994,4th Year,20261995,Gamma Team,Designer
Aarav Gonzalez,155510995,4th Year,20261996,Delta Team,Coordinator
David Harris,155510996,4th Year,20261997,Alpha Team,Secretary
Charles Wilson,155510997,4th Year,20261998,Beta Team,Treasurer
John Thompson,155510998,4th Year,20261999,Gamma Team,Vice-Leader
Carol Patel,155510999,4th Year,20262000,Delta Team,Member
